<?xml version="1.0" encoding="UTF-8"?>
<metadata>
<idinfo>
<citation>
<citeinfo>
<origin>William F. Manley</origin>
<origin>Eric G. Parrish</origin>
<origin>Leanne R. Lestak</origin>
<pubdate>20090615</pubdate>
<title>High-Resolution Orthorectified Imagery from 1972, Niwot Ridge LTER Project Area, Colorado</title>
<edition>Version 1</edition>
<geoform>raster digital data</geoform>
<serinfo>
<sername>High-Resolution Orthorectified Imagery and Digital Elevation Models for Study of Environmental Change at Niwot Ridge and Green Lakes Valley, Colorado</sername>
<issue>1972 photography</issue>
</serinfo>
<pubinfo>
<pubplace>Boulder, CO</pubplace>
<publish>University of Colorado, Institute of Arctic and Alpine Research (INSTAAR) Niwot Ridge LTER</publish>
</pubinfo>
<othercit>Please cite as: Manley, W.F., Parrish, E.G., and Lestak, L.R., 2009, High-Resolution Orthorectified Imagery and Digital Elevation Models for Study of Environmental Change at Niwot Ridge and Green Lakes Valley, Colorado: Niwot Ridge LTER, INSTAAR, University of Colorado at Boulder, digital media.</othercit>
<onlink>http://culter.colorado.edu/NWT/</onlink>
<onlink>http://instaar.colorado.edu/QGISL/</onlink>
</citeinfo>
</citation>
<descript>
<abstract>This image is a mosaic of orthorectified aerial photography from 1972 for the Niwot Ridge Long Term Ecological Research (LTER) project area at 0.8 m resolution. The image also covers the Green Lakes Valley portion of the Boulder Creek Critical Zone Observatory (CZO). The mosaic has the qualities of a photograph and the functionality of a map layer for use in Geographic Information Systems (GIS) or remote sensing software. The mosaic is derived from approx. 1:55,000 scale, color infrared (CIR) photographs acquired by the National Aeronautics and Space Administration (NASA). The aerial photos were obtained as 1800 dpi digital scans from the USGS EROS Data Center (EDC) and then fully orthorectified in a Leica Photogrammetry Suite (LPS) bundle blockfile using an air-photo camera model, a Digital Elevation Model (DEM), estimated focal length, and hand-measured fiducial coordinates. Individual photo frames were mosaiced with cutlines and clipped to the Niwot project extent area. The photography was registered to 2008 orthocorrected Denver Region Council of Governments (DRCOG) aerial photography. Horizontal accuracy is 1.7 m (RMSE, relative to the 2008 reference imagery, based on 9 independent check points). The mosaic covers an area of 77 km2 and is available in GeoTIFF format, in a UTM zone 13 projection and NAD83 horizontal datum, with FGDC-compliant metadata. The mosaic is available through an unrestricted public license, and can be obtained by request (see Distributor contact information below). Other datasets available in this series includes orthorectified aerial photograph mosaics (for 1953, 1985, 1990, 1999, 2000, 2002, 2004, 2006 and 2008), digital elevation models (DEM&apos;s), and accessory map layers. Together, the DEM&apos;s and imagery will be of interest to students, research scientists, and others for observation and analysis of natural features and ecosystems.</abstract>
<purpose>Orthophotograph mosaics acquired for the Niwot Ridge LTER area: 1) take advantage of state-of-the-art remote-sensing technologies to produce baseline geospatial data, 2) benefit education and outreach, and 3) promote multi-disciplinary research of environmental change in the Niwot Ridge area. The mosaics are used as a fundamental layer of information in Geographic Information Systems (GIS) and Spatial Information Decision Support Systems (DSS), and are useful for a variety of environmental research, including time-series analysis of climate-related changes in vegetation, hydrology, geomorphology, etc. The datasets should also be useful for visualization, mapping, modeling, and other objectives tied to science planning, land management, research, education, and outreach.</purpose>
<supplinf>Filenaming convention for this dataset is ProjectArea_ortho_YYYY.tif. For example, nwt_ortho_1953.tif.</supplinf>
</descript>
<timeperd>
<timeinfo>
<sngdate>
<caldate>19720916</caldate>
</sngdate>
</timeinfo>
<current>ground condition</current>
</timeperd>
<status>
<progress>Complete</progress>
<update>None planned</update>
</status>
<spdom>
<bounding>
<westbc Sync="TRUE">-105.660046</westbc>
<eastbc Sync="TRUE">-105.513014</eastbc>
<northbc Sync="TRUE">40.085641</northbc>
<southbc Sync="TRUE">40.013564</southbc>
</bounding>
</spdom>
<keywords>
<theme>
<themekt>None</themekt>
<themekey>Cartography</themekey>
<themekey>Geodesy</themekey>
<themekey>Geography</themekey>
<themekey>Hydrography</themekey>
<themekey>Mapping</themekey>
<themekey>Photogrammetry</themekey>
<themekey>Topography</themekey>
<themekey>Remote</themekey>
<themekey>Sensing</themekey>
<themekey>DEM</themekey>
<themekey>DTM</themekey>
<themekey>Orthophoto</themekey>
<themekey>photomosaic</themekey>
<themekey>orthoimagery</themekey>
<themekey>scan</themekey>
<themekey>TIFF</themekey>
<themekey>aerial</themekey>
<themekey>photograph</themekey>
<themekey>digital</themekey>
<themekey>elevation</themekey>
<themekey>Land Use / Cover</themekey>
<themekey>Soils</themekey>
<themekey>water</themekey>
<themekey>DSM</themekey>
</theme>
<theme>
<themekt>USGS Enterprise Web Thesaurus</themekt>
<themekey>aerial photographs</themekey>
<themekey>aerial photos</themekey>
<themekey>air photos</themekey>
<themekey>orthoimagery</themekey>
<themekey>orthophotographs</themekey>
<themekey>photography</themekey>
<themekey>remote sensing</themekey>
</theme>
<theme>
<themekt>ISO 19115 Topic Category</themekt>
<themekey>imageryBaseMapsEarthCover</themekey>
<themekey>elevation</themekey>
<themekey>climatologyMeteorologyAtmosphere</themekey>
</theme>
<place>
<placekt>Geographic Names Information System</placekt>
<placekey>US</placekey>
<placekey>Colorado</placekey>
<placekey>Boulder County</placekey>
<placekey>Grand County</placekey>
<placekey>Denver Regional Council of Governments</placekey>
</place>
<stratum>
<stratkt>None</stratkt>
<stratkey>Terrain</stratkey>
<stratkey>Earth</stratkey>
<stratkey>Surface</stratkey>
<stratkey>Ground</stratkey>
</stratum>
<temporal>
<tempkt>None</tempkt>
<tempkey>September</tempkey>
<tempkey>Fall</tempkey>
<tempkey>1972</tempkey>
</temporal>
</keywords>
<accconst>None.</accconst>
<useconst>Dataset credit required. Neither the Institute of Arctic and Alpine Research (INSTAAR), Boulder Creek Critical Zone Observatory (CZO), Niwot Ridge Long Term Ecological Research (LTER) nor Bohannan-Huston, Inc. (BHI) assumes liability for misuse, manipulation or distribution of the data. Use at your own risk. Users assume responsibility to determine the usability of the dataset, as well as dataset resolution and accuracy, for their purposes. It is not recommended that the data be used at a scale larger than source scale.</useconst>
<ptcontac>
<cntinfo>
<cntperp>
<cntper>William Manley, PhD</cntper>
<cntorg>University of Colorado, Institute of Arctic and Alpine Research (INSTAAR)</cntorg>
</cntperp>
<cntpos>Research Scientist</cntpos>
<cntaddr>
<addrtype>mailing and physical address</addrtype>
<address>1560 30th Street</address>
<city>Boulder</city>
<state>CO</state>
<postal>80309-0450</postal>
<country>USA</country>
</cntaddr>
<cntvoice>303-735-1300</cntvoice>
<cntfax>303-492-6388</cntfax>
<cntemail>william.manley@colorado.edu</cntemail>
</cntinfo>
</ptcontac>
<datacred>U.S. Geological Survey (USGS), Denver Regional Council of Governments (DRCOG), Bohannan Huston Inc. (BHI), Boulder Creek Critical Zone Observatory (CZO), the University of Colorado, Institute of Arctic and Alpine Research (INSTAAR) and Niwot Ridge Long-Term Ecological Research (LTER) project.</datacred>
<native>Microsoft Windows XP Pro 2002 Service Pack 3; ERDAS LPS and IMAGINE 9.3; ESRI ArcGIS Desktop 9.3; NPS Metadata Tools version 1.1</native>
</idinfo>
<dataqual>
<attracc>
<attraccr>Quality checks were performed throughout all processing procedures. Image brightness values may deviate from brightness values of the original imagery due to image value interpolation during the scanning and rectification processes.</attraccr>
</attracc>
<logic>Visual examination and quantitative error assessment were conducted to ensure quality control.</logic>
<complete>One orthoimage mosaic was created for the Niwot project extent area. The mosaic covers Niwot Ridge and the Green Lakes Valley extending north to Brainard Lake, south to Silver Lake, east to Lefthand Reservoir and just west of the Continental Divide.</complete>
<posacc>
<horizpa>
<horizpar>The horizontal positional accuracy was quantitatively and visually checked for the orthorectified aerial photography. The mosaic was fully orthorectified in LPS using an air photo model, Digital Elevation Model (DEM), focal length as known from calibration reports or other information sources, and fiducial coordinates as estimated through digital measurement. The positional accuracy of the orthorectified mosaic depends on the accuracy of these inputs. Furthermore, the photographs were registered to 2008 orthocorrected aerial imagery with use of image-to-image control points. Thus, positional accuracy also depends on the number, distribution, and accuracy of these points. The most important factor controlling horizontal accuracy in this area is the high topographic relief.</horizpar>
<qhorizpa>
<horizpav>1.7 meters</horizpav>
<horizpae>The horizontal accuracy was quantified with 9 independent image-to-image check points. The Root Mean Square error (RMSE) for this 1972 mosaic is 1.7 m. This error is relative to the 2008 reference imagery, which has a stated horizontal accuracy of 1.5 m.</horizpae>
</qhorizpa>
</horizpa>
</posacc>
<lineage>
<srcinfo>
<srccite>
<citeinfo>
<origin>U.S. Geological Survey (USGS), EROS Data Center</origin>
<pubdate>unknown</pubdate>
<title>1:55,000 Color Infrared (CIR) NASA Aerial Photography</title>
<edition>unknown</edition>
<geoform>raster digital data</geoform>
<serinfo>
<sername>Aerial Photos - Non USGS Agencies</sername>
<issue>unknown</issue>
</serinfo>
<pubinfo>
<pubplace>Sioux Falls, SD USA</pubplace>
<publish>USGS Center for Earth Resources Observations &amp; Science (EROS)</publish>
</pubinfo>
<onlink>http://earthexplorer.usgs.gov</onlink>
<onlink>http://edc.usgs.gov</onlink>
</citeinfo>
</srccite>
<srcscale>55000</srcscale>
<typesrc>disc</typesrc>
<srctime>
<timeinfo>
<sngdate>
<caldate>19720916</caldate>
</sngdate>
</timeinfo>
<srccurr>ground condition</srccurr>
</srctime>
<srccitea>USGS Aerial Photography</srccitea>
<srccontr>Digital scans (at 1800 dpi) of approximately 1:55,000-scale color infrared (CIR) aerial photography were used as the imagery for orthorectification.</srccontr>
</srcinfo>
<srcinfo>
<srccite>
<citeinfo>
<origin>Bohannan-Huston, Inc.</origin>
<pubdate>20081201</pubdate>
<title>DRAPP08 Orthophotography USNG UTM13</title>
<geoform>remote-sensing image</geoform>
</citeinfo>
</srccite>
<srcscale>12700</srcscale>
<typesrc>disc</typesrc>
<srctime>
<timeinfo>
<rngdates>
<begdate>20080314</begdate>
<begtime>100000</begtime>
<enddate>20080630</enddate>
<endtime>140000</endtime>
</rngdates>
</timeinfo>
<srccurr>ground condition</srccurr>
</srctime>
<srccitea>2008 DRAPP Digital Aerial Orthoimagery</srccitea>
<srccontr>Tiles of the 2008 digital aerial orthoimagery, acquired as part of the Denver Regional Aerial Photography Project (DRAPP) were mosaiced for the historic image area.</srccontr>
</srcinfo>
<srcinfo>
<srccite>
<citeinfo>
<origin>Bohannan-Huston, Inc.</origin>
<pubdate>20090430</pubdate>
<title>2m Digital Terrain Model Combining LIDAR and Stereo-Enhanced Photogrammetric Data, Niwot Ridge LTER Project Area, Colorado</title>
<geoform>raster digital data</geoform>
</citeinfo>
</srccite>
<typesrc>disc</typesrc>
<srctime>
<timeinfo>
<rngdates>
<begdate>20080314</begdate>
<enddate>20080630</enddate>
</rngdates>
</timeinfo>
<srccurr>ground condition</srccurr>
</srctime>
<srccitea>NWT LTER ESRI DTM GRID</srccitea>
<srccontr>TIN-derived digital terrain model (DTM) ESRI GRID format, one file for the Niwot Ridge project extent area.</srccontr>
</srcinfo>
<srcinfo>
<srccite>
<citeinfo>
<origin>Bohannan-Huston, Inc.</origin>
<pubdate>20081125</pubdate>
<title>Photogrammetrically-Derived Elevation LAS point files, Niwot Ridge LTER Project Area, Colorado</title>
<geoform>vector digital data</geoform>
</citeinfo>
</srccite>
<typesrc>disc</typesrc>
<srctime>
<timeinfo>
<rngdates>
<begdate>20080314</begdate>
<enddate>20080630</enddate>
</rngdates>
</timeinfo>
<srccurr>ground condition</srccurr>
</srctime>
<srccitea>NWT LTER 3D Point Shapefile</srccitea>
<srccontr>TIN-derived digital surface model (DSM) gridded point data, output into LAS files, 25 tiles.</srccontr>
</srcinfo>
<procstep>
<procdesc>The LAS point files were converted into one 3D multipoint shapefile and a tile index shapefile was created with LAS filenames as an attribute using the ArcGIS 3D Analyst Tools Toolbox. An ArcGIS terrain database was created from the 3D multipoint shapefile. An ESRI GRID DSM file at 2 meter resolution was created from the ArcGIS terrain database.</procdesc>
<procdate>20090501</procdate>
<proccont>
<cntinfo>
<cntorgp>
<cntorg>University of Colorado, Institute of Arctic Research and Alpine Research (INSTAAR)</cntorg>
<cntper>Leanne Lestak</cntper>
</cntorgp>
<cntpos>GIS Specialist</cntpos>
<cntaddr>
<addrtype>mailing address</addrtype>
<address>450 UCB</address>
<city>Boulder</city>
<state>CO</state>
<postal>80309-0450</postal>
<country>USA</country>
</cntaddr>
<cntvoice>303-492-5802</cntvoice>
<cntfax>303-492-6388</cntfax>
<cntemail>leanne.lestak@colorado.edu</cntemail>
</cntinfo>
</proccont>
</procstep>
<procstep>
<procdesc>The ESRI GRID DSM and ESRI GRID DTM files were mosaiced into one DEM that was used during orthorectification of the historic aerial photography. The DSM covers the Niwot Project extent area and is included with this data release. The DTM (and mosaiced DEM) extends beyond the Niwot Project extent area and is required to cover the extent of the aerial photography frames. The DTM is included with this data release, and it has been clipped to the Niwot Project extent area.</procdesc>
<procdate>20090505</procdate>
<proccont>
<cntinfo>
<cntorgp>
<cntorg>University of Colorado, Institute of Arctic Research and Alpine Research (INSTAAR)</cntorg>
<cntper>Leanne Lestak</cntper>
</cntorgp>
<cntpos>GIS Specialist</cntpos>
<cntaddr>
<addrtype>mailing address</addrtype>
<address>450 UCB</address>
<city>Boulder</city>
<state>CO</state>
<postal>80309-0450</postal>
<country>USA</country>
</cntaddr>
<cntvoice>303-492-5802</cntvoice>
<cntfax>303-492-6388</cntfax>
<cntemail>leanne.lestak@colorado.edu</cntemail>
</cntinfo>
</proccont>
</procstep>
<procstep>
<procdesc>The availability of aerial photography was assessed through the USGS EarthExplorer application, and from other data sources. Frames were then selected to encompass the project area with stereo coverage. Digital scans from the USGS EROS Data Center were ordered, received, reviewed, and organized on disk. Low-resolution jpg versions were approximately georeferenced to assess coverage, quality and gaps. An effort to obtain camera calibration reports for the photography was only partly successful. Focal length was estimated from information provided by the USGS Optical Science Lab (OSL) based on camera and lens information. Principal point coordinates were assumed to be 0, 0. Fiducial coordinates were measured onscreen in Photoshop from the digital scans. Full orthorectification was completed using Leica Photogrammetry Suite (LPS) 9.3 with an air-photo camera model, the mosaiced DEM that combines surface (DSM) and terrain (DTM) data, and image-to-image control points visually linked to the 2008 DRAPP reference orthoimagery. Control points were placed on each frame, using meter- or sub-meter scale, mostly natural, apparently stable features. Tie points were automatically generated and then edited for quality assurance. Aerial triangulation was completed using bundle block adjustment in LPS. The frames were then mosaiced in ERDAS Imagine 9.3 using the Mosaic Tool, with color balancing, with both automatically and manually edited cutlines, and with cubic resampling to UTM zone 13, NAD83. The mosaic was then clipped to the &quot;nwt&quot; project extent area. Output resolution was 0.8 m, slightly larger than the 1800 dpi scan resolution. After orthorectification, the relative horizontal accuracy of each frame was independently quantified with 9 independent check points using ArcGIS 9.3 and the NEAR command. The Root Mean Square error (RMSE) for this 1972 mosaic is +/- 1.7 m (see section on horizontal accuracy). FGDC-compliant metadata was then finalized.</procdesc>
<procdate>20090528</procdate>
<proccont>
<cntinfo>
<cntorgp>
<cntorg>University of Colorado, Institute of Arctic Research and Alpine Research (INSTAAR)</cntorg>
<cntper>William Manley, PhD</cntper>
</cntorgp>
<cntpos>Research Scientist</cntpos>
<cntaddr>
<addrtype>mailing address</addrtype>
<address>450 UCB</address>
<city>Boulder</city>
<state>CO</state>
<postal>80309-0450</postal>
<country>USA</country>
</cntaddr>
<cntvoice>303-735-1300</cntvoice>
<cntfax>303-492-6388</cntfax>
<cntemail>william.manley@colorado.edu</cntemail>
</cntinfo>
</proccont>
</procstep>
</lineage>
<cloud>0-5%</cloud>
</dataqual>
<spdoinfo>
<direct Sync="TRUE">Raster</direct>
<rastinfo>
<rasttype Sync="TRUE">Grid Cell</rasttype>
<rowcount Sync="TRUE">9899</rowcount>
<colcount Sync="TRUE">12102</colcount>
<vrtcount Sync="TRUE">1</vrtcount>
</rastinfo>
</spdoinfo>
<spref>
<horizsys>
<planar>
<gridsys>
<gridsysn Sync="TRUE">Universal Transverse Mercator</gridsysn>
<utm>
<utmzone Sync="TRUE">13</utmzone>
<transmer>
<sfctrmer Sync="TRUE">0.999600</sfctrmer>
<longcm Sync="TRUE">-105.000000</longcm>
<latprjo Sync="TRUE">0.000000</latprjo>
<feast Sync="TRUE">500000.000000</feast>
<fnorth Sync="TRUE">0.000000</fnorth>
</transmer>
</utm>
</gridsys>
<planci>
<plance Sync="TRUE">row and column</plance>
<coordrep>
<absres Sync="TRUE">0.8</absres>
<ordres Sync="TRUE">0.8</ordres>
</coordrep>
<plandu Sync="TRUE">meters</plandu>
</planci>
</planar>
<geodetic>
<horizdn Sync="TRUE">North American Datum of 1983</horizdn>
<ellips Sync="TRUE">Geodetic Reference System 80</ellips>
<semiaxis Sync="TRUE">6378137.000000</semiaxis>
<denflat Sync="TRUE">298.257222</denflat>
</geodetic>
</horizsys>
</spref>
<distinfo>
<distrib>
<cntinfo>
<cntorgp>
<cntorg>University of Colorado, Institute of Arctic and Alpine Research (INSTAAR) Niwot Ridge LTER</cntorg>
<cntper>Niwot Ridge LTER Data Manager</cntper>
</cntorgp>
<cntaddr>
<addrtype>mailing and physical address</addrtype>
<address>1560 30th Street</address>
<city>Boulder</city>
<state>CO</state>
<postal>80309-0450</postal>
<country>USA</country>
</cntaddr>
<cntvoice>303-492-4771</cntvoice>
<cntfax>303-492-6388</cntfax>
<cntemail>lternwt@colorado.edu</cntemail>
</cntinfo>
</distrib>
<resdesc>Refer to Title of dataset</resdesc>
<distliab>The Institute of Arctic and Alpine Research (INSTAAR), Boulder Creek Critical Zone Observatory (CZO), Niwot Ridge Long Term Ecological Research (LTER) nor Bohannan-Huston, Inc. (BHI) shall not be held liable for improper or incorrect use of the data described and/or contained herein. These data and related graphics (i.e. GIF or JPG format files) are not legal documents and are not intended to be used as such. The information contained in these data is dynamic and may change over time. The data are not better than the original sources from which they were derived. It is the responsibility of the data user to use the data appropriately and consistent within the limitations of geospatial data in general and these data in particular. The related graphics are intended to aid the data user in acquiring relevant data; it is not appropriate to use the related graphics as data. INSTAAR, CZO, Niwot LTER nor BHI gives no warranty, expressed or implied, as to the accuracy, reliability, or completeness of these data. It is strongly recommended that these data are directly acquired from the Niwot LTER server and not indirectly through other sources which may have changed the data in some way. Although these data have been processed successfully on computer systems at INSTAAR, no warranty expressed or implied is made regarding the utility of the data on other systems for general or scientific purposes, nor shall the act of distribution constitute any such warranty. This disclaimer applies both to individual use of the data and aggregate use with other data.</distliab>
<stdorder>
<digform>
<digtinfo>
<formname>TIFF</formname>
<formvern>1</formvern>
<formspec>Hard Drive</formspec>
<formcont>Orthorectified Aerial Photograph Mosaic</formcont>
<filedec>no compression applied</filedec>
<transize>343 MB</transize>
</digtinfo>
<digtopt>
<onlinopt>
<computer>
<networka>
<networkr>http://culter.colorado.edu/NWT/</networkr>
</networka>
</computer>
</onlinopt>
<offoptn>
<offmedia>Hard Drive</offmedia>
<recfmt>Standard</recfmt>
</offoptn>
</digtopt>
</digform>
<fees>As necessary for hard disk and duplication</fees>
<ordering>Contact the Distributor to request the data.</ordering>
</stdorder>
<availabl>
<timeinfo>
<sngdate>
<caldate>20090615</caldate>
</sngdate>
</timeinfo>
</availabl>
</distinfo>
<metainfo>
<metd>20090603</metd>
<metc>
<cntinfo>
<cntperp>
<cntper>Niwot Ridge LTER Data Manager</cntper>
<cntorg>University of Colorado, Institute of Arctic and Alpine Research (INSTAAR), Niwot Ridge LTER</cntorg>
</cntperp>
<cntaddr>
<addrtype>mailing and physical address</addrtype>
<address>1560 30th Street</address>
<city>Boulder</city>
<state>CO</state>
<postal>80309-0450</postal>
<country>USA</country>
</cntaddr>
<cntvoice>303-492-4771</cntvoice>
<cntfax>303-492-6388</cntfax>
<cntemail>lternwt@colorado.edu</cntemail>
</cntinfo>
</metc>
<metstdn>FGDC Content Standards for Digital Geospatial Metadata</metstdn>
<metstdv>FGDC-STD-001-1998</metstdv>
<mettc>local time</mettc>
<metextns>
<onlink>http://nrdata.nps.gov/profiles/NPS_Profile.xml</onlink>
<metprof>NPS NR and GIS Metadata Profile</metprof>
</metextns>
</metainfo>
</metadata>
