<?xml version="1.0" encoding="UTF-8"?>
<eml:eml xmlns:eml="eml://ecoinformatics.org/eml-2.1.0" xmlns:xsi="http://www.w3.org/2001/XMLSchema-instance" xsi:schemaLocation="eml://ecoinformatics.org/eml-2.1.0&#10;&#9;&#9;&#9;&#9;http://nis.lternet.edu/schemas/EML/eml-2.1.0/eml.xsd" packageId="knb-lter-nwt.703.2" system="http://niwot.colorado.edu/data/035_gis_data.php">
<access xmlns:stmml="http://www.xml-cml.org/schema/stmml" xmlns:sw="eml://ecoinformatics.org/software-2.1.0" xmlns:cit="eml://ecoinformatics.org/literature-2.1.0" xmlns:ds="eml://ecoinformatics.org/dataset-2.1.0" xmlns:prot="eml://ecoinformatics.org/protocol-2.1.0" xmlns:doc="eml://ecoinformatics.org/documentation-2.1.0" xmlns:res="eml://ecoinformatics.org/resource-2.1.0" xmlns:xs="http://www.w3.org/2001/XMLSchema" scope="document" order="allowFirst" authSystem="knb">
<allow>
<principal>uid=NWT,o=lter,dc=ecoinformatics,dc=org</principal>
<permission>all</permission>
</allow>
<allow>
<principal>public</principal>
<permission>read</permission>
</allow>
</access>
<dataset xmlns:stmml="http://www.xml-cml.org/schema/stmml" xmlns:sw="eml://ecoinformatics.org/software-2.1.0" xmlns:cit="eml://ecoinformatics.org/literature-2.1.0" xmlns:ds="eml://ecoinformatics.org/dataset-2.1.0" xmlns:prot="eml://ecoinformatics.org/protocol-2.1.0" xmlns:doc="eml://ecoinformatics.org/documentation-2.1.0" xmlns:res="eml://ecoinformatics.org/resource-2.1.0" xmlns:xs="http://www.w3.org/2001/XMLSchema" id="" system="ESRI MetaID">
<title>High-Resolution Orthorectified Imagery from 1972, Niwot Ridge LTER Project Area, Colorado</title>
<creator>
	<individualName>
		<givenName>William</givenName>
		<surName>Manley</surName>
	</individualName>
	<address>
        <deliveryPoint>University of Colorado - INSTAAR, UCB 450</deliveryPoint>
        <city>Boulder</city>
        <administrativeArea>CO</administrativeArea>
        <country>USA</country>
      </address>
	<electronicMailAddress>William.Manley@colorado.edu</electronicMailAddress>	
</creator>
<creator>
	<individualName>
		<givenName>Eric</givenName>
		<surName>Parrish</surName>
	</individualName>
	<address>
        <deliveryPoint>University of Colorado, Institute of Arctic and Alpine Research (INSTAAR), UCB 450</deliveryPoint>
        <city>Boulder</city>
        <administrativeArea>CO</administrativeArea>
        <country>USA</country>
      </address>
	<electronicMailAddress>Eric.Parrish@colorado.edu</electronicMailAddress>
</creator>
<creator>
	<individualName>
		<givenName>Leanne</givenName>
		<surName>Lestak</surName>
	</individualName>
	<address>
        <deliveryPoint>University of Colorado, Institute of Arctic and Alpine Research (INSTAAR), UCB 450</deliveryPoint>
        <city>Boulder</city>
        <administrativeArea>CO</administrativeArea>
        <country>USA</country>
      </address>
	<electronicMailAddress>Leanne.Lestak@colorado.edu</electronicMailAddress>
</creator>
<metadataProvider>
<individualName>
	<surName>Niwot Ridge LTER Data Manager</surName>
</individualName>
<organizationName>University of Colorado, Institute of Arctic and Alpine Research (INSTAAR), Niwot Ridge LTER</organizationName>
<address>
<deliveryPoint>1560 30th Street</deliveryPoint>
<city>Boulder</city>
<administrativeArea>CO</administrativeArea>
<postalCode>80309-0450</postalCode>
<country>USA</country>
</address>
<phone phonetype="voice">303-492-2594</phone>
<electronicMailAddress>lternwt@colorado.edu</electronicMailAddress>
</metadataProvider>
<pubDate>20090615</pubDate>
<series>High-Resolution Orthorectified Imagery and Digital Elevation Models for Study of Environmental Change at Niwot Ridge and Green Lakes Valley, Colorado</series>
<abstract>
<para>This image is a mosaic of orthorectified aerial photography from 1972 for the Niwot Ridge Long Term Ecological Research (LTER) project area at 0.8 m resolution. The image also covers the Green Lakes Valley portion of the Boulder Creek Critical Zone Observatory (CZO). The mosaic has the qualities of a photograph and the functionality of a map layer for use in Geographic Information Systems (GIS) or remote sensing software. The mosaic is derived from approx. 1:55,000 scale, color infrared (CIR) photographs acquired by the National Aeronautics and Space Administration (NASA). The aerial photos were obtained as 1800 dpi digital scans from the USGS EROS Data Center (EDC) and then fully orthorectified in a Leica Photogrammetry Suite (LPS) bundle blockfile using an air-photo camera model, a Digital Elevation Model (DEM), estimated focal length, and hand-measured fiducial coordinates. Individual photo frames were mosaiced with cutlines and clipped to the Niwot project extent area. The photography was registered to 2008 orthocorrected Denver Region Council of Governments (DRCOG) aerial photography. Horizontal accuracy is 1.7 m (RMSE, relative to the 2008 reference imagery, based on 9 independent check points). The mosaic covers an area of 77 km2 and is available in GeoTIFF format, in a UTM zone 13 projection and NAD83 horizontal datum, with FGDC-compliant metadata. The mosaic is available through an unrestricted public license, and can be obtained by request (see Distributor contact information below). Other datasets available in this series includes orthorectified aerial photograph mosaics (for 1953, 1985, 1990, 1999, 2000, 2002, 2004, 2006 and 2008), digital elevation models (DEM's), and accessory map layers. Together, the DEM's and imagery will be of interest to students, research scientists, and others for observation and analysis of natural features and ecosystems.
							NOTE: This EML metadata file does not contain important geospatial 
							data processing information. Before using any NWT LTER geospatial 
							data read the arcgis metadata XML file in either ISO or FGDC compliant 
							format, using ArcGIS software (ArcCatalog &gt; description), or by 
							viewing the .xml file provided with the geospatial dataset.
						</para>
</abstract>
<keywordSet>
<keyword keywordType="theme">Cartography</keyword>
<keyword keywordType="theme">Geodesy</keyword>
<keyword keywordType="theme">Geography</keyword>
<keyword keywordType="theme">Hydrography</keyword>
<keyword keywordType="theme">Mapping</keyword>
<keyword keywordType="theme">Photogrammetry</keyword>
<keyword keywordType="theme">Topography</keyword>
<keyword keywordType="theme">Remote</keyword>
<keyword keywordType="theme">Sensing</keyword>
<keyword keywordType="theme">DEM</keyword>
<keyword keywordType="theme">DTM</keyword>
<keyword keywordType="theme">Orthophoto</keyword>
<keyword keywordType="theme">photomosaic</keyword>
<keyword keywordType="theme">orthoimagery</keyword>
<keyword keywordType="theme">scan</keyword>
<keyword keywordType="theme">TIFF</keyword>
<keyword keywordType="theme">aerial</keyword>
<keyword keywordType="theme">photograph</keyword>
<keyword keywordType="theme">digital</keyword>
<keyword keywordType="theme">elevation</keyword>
<keyword keywordType="theme">Land Use / Cover</keyword>
<keyword keywordType="theme">Soils</keyword>
<keyword keywordType="theme">water</keyword>
<keyword keywordType="theme">DSM</keyword>
<keyword keywordType="theme">aerial photographs</keyword>
<keyword keywordType="theme">aerial photos</keyword>
<keyword keywordType="theme">air photos</keyword>
<keyword keywordType="theme">orthoimagery</keyword>
<keyword keywordType="theme">orthophotographs</keyword>
<keyword keywordType="theme">photography</keyword>
<keyword keywordType="theme">remote sensing</keyword>
<keyword keywordType="theme">imageryBaseMapsEarthCover</keyword>
<keyword keywordType="theme">elevation</keyword>
<keyword keywordType="theme">climatologyMeteorologyAtmosphere</keyword>
<keywordThesaurus>None</keywordThesaurus>
</keywordSet>
<keywordSet>
<keyword keywordType="place">US</keyword>
<keyword keywordType="place">Colorado</keyword>
<keyword keywordType="place">Boulder County</keyword>
<keyword keywordType="place">Grand County</keyword>
<keyword keywordType="place">Denver Regional Council of Governments</keyword>
<keywordThesaurus>Geographic Names Information System</keywordThesaurus>
</keywordSet>
<keywordSet>
<keyword keywordType="stratum">Terrain</keyword>
<keyword keywordType="stratum">Earth</keyword>
<keyword keywordType="stratum">Surface</keyword>
<keyword keywordType="stratum">Ground</keyword>
<keywordThesaurus>None</keywordThesaurus>
</keywordSet>
<keywordSet>
<keyword keywordType="temporal">September</keyword>
<keyword keywordType="temporal">Fall</keyword>
<keyword keywordType="temporal">1972</keyword>
<keywordThesaurus>None</keywordThesaurus>
</keywordSet>
<additionalInfo>
<section>
<title>Edition: Version of title</title>
<para>Version 1</para>
</section>
<section>
<title>Data presentation form</title>
<para>raster digital data</para>
</section>
<section>
<title>Series publication Identification and issue</title>
<para>High-Resolution Orthorectified Imagery and Digital Elevation Models for Study of Environmental Change at Niwot Ridge and Green Lakes Valley, Colorado1972 photography</para>
</section>
<section>
<title>Other citation details</title>
<para>Please cite as: Manley, W.F., Parrish, E.G., and Lestak, L.R., 2009, High-Resolution Orthorectified Imagery and Digital Elevation Models for Study of Environmental Change at Niwot Ridge and Green Lakes Valley, Colorado: Niwot Ridge LTER, INSTAAR, University of Colorado at Boulder, digital media.</para>
</section>
<section>
<title>Other descriptive Information about the data set</title>
<para>Filenaming convention for this dataset is ProjectArea_ortho_YYYY.tif. For example, nwt_ortho_1953.tif.</para>
</section>
</additionalInfo>
<intellectualRights>
<section>
<title>Niwot LTER Data Policy</title>
<para> The following acknowledgment should accompany any publication or 
									citation of these data: <itemizedlist>
<listitem>
<para> Logistical support and/or data were provided by the 
												NSF-supported Niwot Ridge (NWT) Long-Term Ecological Research (LTER) 
												project and the University of Colorado (CU) Mountain Research Station (MRS). </para>
</listitem>
<listitem>
<para> The user of NWT LTER data agrees to provide proper 
												acknowledgment with each usage of the data. Citation of 
												the name(s) of the investigator(s) responsible for the 
												data set, in addition to the generic statement above, 
												constitutes proper acknowledgment. Author(s) (including NWT investigators) 
												of published material that makes use of previously unpublished 
												NWT data agree to provide the NWT data manager with a PDF of 
												that material as soon as it becomes available. The user of NWT 
												data agrees not to resell or redistribute shared data. </para>
</listitem>
</itemizedlist>
</para>
</section>
<section>
<title>Disclaimer</title>
<para> The NSF-supported NWT LTER project shall not be held liable for 
									improper or incorrect use of the data described and/or contained 
									herein, nor assumes liability for misuse, manipulation or distribution 
									of the data. These data and related graphics (i.e. GIF or JPG format files) 
									are not legal documents and are not intended to be used as such. 
									The information contained in these data is dynamic and may change 
									over time. The data are not better than the original sources from 
									which they were derived. The user of these data should be aware that, 
									while efforts have been taken to ensure that these data are of the 
									highest quality, there is no guarantee of perfection for the data 
									contained herein and the possibility of errors exists. It is the 
									responsibility of the data user to use the data appropriately and 
									in a manner consistent with the limitations of geospatial data in 
									general and these data in particular. Users assume responsibility 
									to determine the usability of the dataset, as well as dataset 
									resolution and accuracy, for their purposes. It is not recommended 
									that the data be used at a scale larger than the source scale. 
									The related graphics are intended to aid the data user in acquiring 
									relevant data; it is not appropriate to use the related graphics 
									as data. NWT LTER gives no warranty, expressed or implied, as to 
									the accuracy, reliability, or completeness of these data. It is 
									strongly recommended that these data be directly acquired from 
									the NWT LTER server and not indirectly through other sources 
									that may have changed the data in some way. Although these data 
									have been processed successfully on computer systems at CU, no 
									warranty expressed or implied is made regarding the utility of 
									the data on other systems for general or scientific purposes, 
									nor shall the act of distribution constitute any such warranty. 
									This disclaimer applies both to individual use of the data and 
									aggregate use with other data.  </para>
</section>
<section>
<title>Data Credit</title>
<para>U.S. Geological Survey (USGS), Denver Regional Council of Governments (DRCOG), Bohannan Huston Inc. (BHI), Boulder Creek Critical Zone Observatory (CZO), the University of Colorado, Institute of Arctic and Alpine Research (INSTAAR) and Niwot Ridge Long-Term Ecological Research (LTER) project.</para>
</section>
</intellectualRights>
<distribution>
<online>
<url>ftp://niwotftp.colorado.edu/pub/Spatial/packages/nwt7032.zip</url>
</online>
</distribution>
<coverage>
<geographicCoverage>
<geographicDescription>USColoradoBoulder CountyGrand CountyDenver Regional Council of Governments</geographicDescription>
<boundingCoordinates>
<westBoundingCoordinate>-105.660046</westBoundingCoordinate>
<eastBoundingCoordinate>-105.513014</eastBoundingCoordinate>
<northBoundingCoordinate>40.085641</northBoundingCoordinate>
<southBoundingCoordinate>40.013564</southBoundingCoordinate>
</boundingCoordinates>
</geographicCoverage>
<temporalCoverage>
<singleDateTime>
<calendarDate>1972-09-16</calendarDate>
</singleDateTime>
</temporalCoverage>
</coverage>
<purpose>
<para>Orthophotograph mosaics acquired for the Niwot Ridge LTER area: 1) take advantage of state-of-the-art remote-sensing technologies to produce baseline geospatial data, 2) benefit education and outreach, and 3) promote multi-disciplinary research of environmental change in the Niwot Ridge area. The mosaics are used as a fundamental layer of information in Geographic Information Systems (GIS) and Spatial Information Decision Support Systems (DSS), and are useful for a variety of environmental research, including time-series analysis of climate-related changes in vegetation, hydrology, geomorphology, etc. The datasets should also be useful for visualization, mapping, modeling, and other objectives tied to science planning, land management, research, education, and outreach.</para>
</purpose>
<maintenance>
<description>
<section>
<title>Progress</title>
<para>Complete</para>
</section>
<section>
<title>Update</title>
<para>None planned</para>
</section>
</description>
<maintenanceUpdateFrequency>otherMaintenancePeriod</maintenanceUpdateFrequency>
</maintenance>
<contact>
	<individualName>
		<givenName>William</givenName>
		<surName>Manley</surName>
	</individualName>
	<organizationName>University of Colorado, Institute of Arctic and Alpine Research (INSTAAR)</organizationName>
	<positionName>Research Scientist</positionName>
	<address>
        <deliveryPoint>University of Colorado - INSTAAR, UCB 450</deliveryPoint>
        <city>Boulder</city>
        <administrativeArea>CO</administrativeArea>
        <country>USA</country>
      </address>
	<phone phonetype="voice">303-735-1300</phone>
	<electronicMailAddress>William.Manley@colorado.edu</electronicMailAddress>
</contact>
<publisher>
<organizationName>University of Colorado, Institute of Arctic and Alpine Research (INSTAAR) Niwot Ridge LTER</organizationName>
</publisher>
<pubPlace>Boulder, CO</pubPlace>
<spatialRaster>
	<alternateIdentifier>nwt_ortho_1972.tif</alternateIdentifier>
	<entityName>nwt_ortho_1972.tif</entityName>
	<entityDescription>This image is a mosaic of orthorectified aerial photography from 1972 for the Niwot Ridge Long Term Ecological Research (LTER) project area at 0.8 m resolution. The image also covers the Green Lakes Valley portion of the Boulder Creek Critical Zone Observatory (CZO). The mosaic has the qualities of a photograph and the functionality of a map layer for use in Geographic Information Systems (GIS) or remote sensing software. The mosaic is derived from approx. 1:55,000 scale, color infrared (CIR) photographs acquired by the National Aeronautics and Space Administration (NASA). The aerial photos were obtained as 1800 dpi digital scans from the USGS EROS Data Center (EDC) and then fully orthorectified in a Leica Photogrammetry Suite (LPS) bundle blockfile using an air-photo camera model, a Digital Elevation Model (DEM), estimated focal length, and hand-measured fiducial coordinates. Individual photo frames were mosaiced with cutlines and clipped to the Niwot project extent area. The photography was registered to 2008 orthocorrected Denver Region Council of Governments (DRCOG) aerial photography. Horizontal accuracy is 1.7 m (RMSE, relative to the 2008 reference imagery, based on 9 independent check points). The mosaic covers an area of 77 km2 and is available in GeoTIFF format, in a UTM zone 13 projection and NAD83 horizontal datum, with FGDC-compliant metadata. The mosaic is available through an unrestricted public license, and can be obtained by request (see Distributor contact information below). Other datasets available in this series includes orthorectified aerial photograph mosaics (for 1953, 1985, 1990, 1999, 2000, 2002, 2004, 2006 and 2008), digital elevation models (DEM's), and accessory map layers. Together, the DEM's and imagery will be of interest to students, research scientists, and others for observation and analysis of natural features and ecosystems.</entityDescription>
<physical>
<objectName>nwt_ortho_1972.zip</objectName>
<dataFormat>
<externallyDefinedFormat>
<formatName>geoTIF file</formatName>
</externallyDefinedFormat>
</dataFormat>
	<distribution>
		<online>
			<url>ftp://niwotftp.colorado.edu/pub/Spatial/packages/nwt7032.zip</url>
		</online>
	</distribution>
</physical>
<methods>
<methodStep>
<description>
<para>The LAS point files were converted into one 3D multipoint shapefile and a tile index shapefile was created with LAS filenames as an attribute using the ArcGIS 3D Analyst Tools Toolbox. An ArcGIS terrain database was created from the 3D multipoint shapefile. An ESRI GRID DSM file at 2 meter resolution was created from the ArcGIS terrain database.</para>
</description>
</methodStep>
<methodStep>
<description>
<para>The ESRI GRID DSM and ESRI GRID DTM files were mosaiced into one DEM that was used during orthorectification of the historic aerial photography. The DSM covers the Niwot Project extent area and is included with this data release. The DTM (and mosaiced DEM) extends beyond the Niwot Project extent area and is required to cover the extent of the aerial photography frames. The DTM is included with this data release, and it has been clipped to the Niwot Project extent area.</para>
</description>
</methodStep>
<methodStep>
<description>
<para>The availability of aerial photography was assessed through the USGS EarthExplorer application, and from other data sources. Frames were then selected to encompass the project area with stereo coverage. Digital scans from the USGS EROS Data Center were ordered, received, reviewed, and organized on disk. Low-resolution jpg versions were approximately georeferenced to assess coverage, quality and gaps. An effort to obtain camera calibration reports for the photography was only partly successful. Focal length was estimated from information provided by the USGS Optical Science Lab (OSL) based on camera and lens information. Principal point coordinates were assumed to be 0, 0. Fiducial coordinates were measured onscreen in Photoshop from the digital scans. Full orthorectification was completed using Leica Photogrammetry Suite (LPS) 9.3 with an air-photo camera model, the mosaiced DEM that combines surface (DSM) and terrain (DTM) data, and image-to-image control points visually linked to the 2008 DRAPP reference orthoimagery. Control points were placed on each frame, using meter- or sub-meter scale, mostly natural, apparently stable features. Tie points were automatically generated and then edited for quality assurance. Aerial triangulation was completed using bundle block adjustment in LPS. The frames were then mosaiced in ERDAS Imagine 9.3 using the Mosaic Tool, with color balancing, with both automatically and manually edited cutlines, and with cubic resampling to UTM zone 13, NAD83. The mosaic was then clipped to the "nwt" project extent area. Output resolution was 0.8 m, slightly larger than the 1800 dpi scan resolution. After orthorectification, the relative horizontal accuracy of each frame was independently quantified with 9 independent check points using ArcGIS 9.3 and the NEAR command. The Root Mean Square error (RMSE) for this 1972 mosaic is +/- 1.7 m (see section on horizontal accuracy). FGDC-compliant metadata was then finalized.</para>
</description>
</methodStep>
</methods>
<attributeList>
<attribute id="value">
<attributeName>value</attributeName>
<attributeDefinition>Digital number (DN) which records the intensity of radiation (or amplitude) falling on each pixel.</attributeDefinition>
<storageType typeSystem="http://www.esri.com/metadata/esriprof80.html"/>
<measurementScale>
<nominal>
<nonNumericDomain>
<textDomain>
<definition>No further information about this attribute was provided</definition>
</textDomain>
</nonNumericDomain>
</nominal>
</measurementScale>
</attribute>
</attributeList>
<spatialReference>
<horizCoordSysDef name="Transverse Mercator">
<projCoordSys>
<geogCoordSys>
<datum name="D North American 1983"/>
<spheroid name="GRS 1980" semiAxisMajor="6378137.0" denomFlatRatio="298.257222101"/>
<primeMeridian name=" Greenwich" longitude="0.0"/>
<unit name="degree"/>
</geogCoordSys>
<projection name="Transverse Mercator">
<parameter name="Scale factor at central meridian" description="a multiplier for reducing a distance obtained from a map by computation or scaling to the actual distance along the central meridian." value="0.9996"/>
<parameter name="Longitude at central meridian" description="The line of logitude at the center of the map projection" value="-105.0"/>
<parameter name="Latitude of projection origin" description="The latitude chosen as center of the projection" value="0.0"/>
<parameter name="False Easting" description="A value added in a rectangular coordinate system, usually used to avoid negative values" value="500000.0"/>
<parameter name="False Northing" description="A value added in a rectangular coordinate system, usually used to avoid negative values" value="0.0"/>
<unit name="meter"/>
</projection>
</projCoordSys>
</horizCoordSysDef>
</spatialReference>
<horizontalAccuracy>
<accuracyReport>The horizontal positional accuracy was quantitatively and visually checked for the orthorectified aerial photography. The mosaic was fully orthorectified in LPS using an air photo model, Digital Elevation Model (DEM), focal length as known from calibration reports or other information sources, and fiducial coordinates as estimated through digital measurement. The positional accuracy of the orthorectified mosaic depends on the accuracy of these inputs. Furthermore, the photographs were registered to 2008 orthocorrected aerial imagery with use of image-to-image control points. Thus, positional accuracy also depends on the number, distribution, and accuracy of these points. The most important factor controlling horizontal accuracy in this area is the high topographic relief.</accuracyReport>
<quantitativeAccuracyReport>
<quantitativeAccuracyValue>1.7 meters</quantitativeAccuracyValue>
<quantitativeAccuracyMethod>The horizontal accuracy was quantified with 9 independent image-to-image check points. The Root Mean Square error (RMSE) for this 1972 mosaic is 1.7 m. This error is relative to the 2008 reference imagery, which has a stated horizontal accuracy of 1.5 m.</quantitativeAccuracyMethod>
</quantitativeAccuracyReport>
</horizontalAccuracy>
<verticalAccuracy>
<accuracyReport>Vertical Accuracy Report not present</accuracyReport>
</verticalAccuracy>
<cellSizeXDirection>0.8</cellSizeXDirection>
<cellSizeYDirection>0.8</cellSizeYDirection>
<numberOfBands>3</numberOfBands>
<rasterOrigin>Lower Left</rasterOrigin>
<rows>9899</rows>
<columns>12102</columns>
<verticals>1</verticals>
<cellGeometry>matrix</cellGeometry>
</spatialRaster>
	<otherEntity>
		<entityName>geoTIF_FGDC_metadata</entityName>
		<entityDescription>GeoTIF metadata in text format</entityDescription>
		<physical>
			<objectName>nwt7032_FGDC_metadata.txt</objectName>
			<dataFormat>
				<externallyDefinedFormat>
					<formatName>Natural language text</formatName>
				</externallyDefinedFormat>
			</dataFormat>
			<distribution>
				<online>
					<url>ftp://niwotftp.colorado.edu/pub/Spatial/packages/nwt7032_FGDC_metadata.txt</url>
				</online>
			</distribution>
		</physical>
		<entityType>GeoTIF metadata in text format</entityType>
	</otherEntity>
</dataset>
</eml:eml>
