<?xml version="1.0" encoding="UTF-8"?>
<metadata xml:lang="en">
<idinfo>
<citation>
<citeinfo>
<origin>William F. Manley</origin>
<origin>Eric G. Parrish</origin>
<origin>Leanne R. Lestak</origin>
<pubdate>20090615</pubdate>
<title>Polygon Shapefile Outlining Extent of the &quot;NWT&quot; Project Area, Niwot Ridge LTER Project Area, Colorado</title>
<edition>Version 1</edition>
<geoform>vector digital data</geoform>
<serinfo>
<sername>High-Resolution Orthorectified Imagery and Digital Elevation Models for Study of Environmental Change at Niwot Ridge and Green Lakes Valley, Colorado</sername>
<issue>Extent of &quot;NWT&quot; Project Area</issue>
</serinfo>
<pubinfo>
<pubplace>Boulder, CO</pubplace>
<publish>University of Colorado, Institute of Arctic and Alpine Research (INSTAAR) Niwot Ridge LTER</publish>
</pubinfo>
<othercit>Please cite as: Manley, W.F., Parrish, E.G., and Lestak, L.R., 2009, High-Resolution Orthorectified Imagery and Digital Elevation Models for Study of Environmental Change at Niwot Ridge and Green Lakes Valley, Colorado: Niwot Ridge LTER, INSTAAR, University of Colorado at Boulder, digital media.</othercit>
<onlink>http://culter.colorado.edu/NWT/</onlink>
<onlink>http://instaar.colorado.edu/QGISL/</onlink>
</citeinfo>
</citation>
<descript>
<abstract>This vector shapefile is a polygon shapefile outlining the extent of the &quot;NWT&quot; project area, for the Niwot Ridge Long Term Ecological Research (LTER) project. The shapefile also covers the Green Lakes Valley portion of the Boulder Creek Critical Zone Observatory (CZO). Other datasets available in this series includes orthorectified aerial photograph mosaics (for 1953, 1972, 1985, approximately 1990, 1999, 2000, 2002, 2004, 2006 and 2008), digital elevation models (DEM&apos;s), and accessory map layers. Together, the DEM&apos;s and imagery will be of interest to students, research scientists, and others for observation and analysis of natural features and ecosystems.</abstract>
<purpose>The &quot;NWT&quot; extent shapefile facilitates use and display of the dataset.</purpose>
<supplinf>Filenaming convention for this dataset is ProjectArea_project_extent.shp. For example, nwt_project_extent.shp</supplinf>
</descript>
<timeperd>
<timeinfo>
<sngdate>
<caldate>20090605</caldate>
</sngdate>
</timeinfo>
<current>ground condition</current>
</timeperd>
<status>
<progress>Complete</progress>
<update>None planned</update>
</status>
<spdom>
<bounding>
<westbc Sync="TRUE">-105.660046</westbc>
<eastbc Sync="TRUE">-105.513014</eastbc>
<northbc Sync="TRUE">40.085641</northbc>
<southbc Sync="TRUE">40.013564</southbc>
</bounding>
</spdom>
<keywords>
<theme>
<themekt>None</themekt>
<themekey>Cartography</themekey>
<themekey>Geodesy</themekey>
<themekey>Geography</themekey>
<themekey>Hydrography</themekey>
<themekey>Mapping</themekey>
<themekey>Photogrammetry</themekey>
<themekey>Topography</themekey>
<themekey>Remote</themekey>
<themekey>Sensing</themekey>
<themekey>DEM</themekey>
<themekey>DTM</themekey>
<themekey>Orthophoto</themekey>
<themekey>photomosaic</themekey>
<themekey>orthoimagery</themekey>
<themekey>scan</themekey>
<themekey>TIFF</themekey>
<themekey>aerial</themekey>
<themekey>photograph</themekey>
<themekey>digital</themekey>
<themekey>elevation</themekey>
<themekey>Land Use / Cover</themekey>
<themekey>Soils</themekey>
<themekey>water</themekey>
<themekey>DSM</themekey>
</theme>
<theme>
<themekt>USGS Enterprise Web Thesaurus</themekt>
<themekey>aerial photographs</themekey>
<themekey>aerial photos</themekey>
<themekey>air photos</themekey>
<themekey>orthoimagery</themekey>
<themekey>orthophotographs</themekey>
<themekey>photography</themekey>
<themekey>remote sensing</themekey>
</theme>
<theme>
<themekt>ISO 19115 Topic Category</themekt>
<themekey>imageryBaseMapsEarthCover</themekey>
<themekey>elevation</themekey>
<themekey>climatologyMeteorologyAtmosphere</themekey>
</theme>
<place>
<placekt>Geographic Names Information System</placekt>
<placekey>US</placekey>
<placekey>Colorado</placekey>
<placekey>Boulder County</placekey>
<placekey>Grand County</placekey>
<placekey>Denver Regional Council of Governments</placekey>
</place>
<stratum>
<stratkt>None</stratkt>
<stratkey>Terrain</stratkey>
<stratkey>Earth</stratkey>
<stratkey>Surface</stratkey>
<stratkey>Ground</stratkey>
</stratum>
</keywords>
<accconst>None.</accconst>
<useconst>Dataset credit required. Neither the Institute of Arctic and Alpine Research (INSTAAR), Boulder Creek Critical Zone Observatory (CZO), Niwot Ridge Long Term Ecological Research (LTER) nor Bohannan-Huston, Inc. (BHI) assumes liability for misuse, manipulation or distribution of the data. Use at your own risk. Users assume responsibility to determine the usability of the dataset, as well as dataset resolution and accuracy, for their purposes. It is not recommended that the data be used at a scale larger than source scale.</useconst>
<ptcontac>
<cntinfo>
<cntperp>
<cntper>William Manley, PhD</cntper>
<cntorg>University of Colorado, Institute of Arctic and Alpine Research (INSTAAR)</cntorg>
</cntperp>
<cntpos>Research Scientist</cntpos>
<cntaddr>
<addrtype>mailing and physical address</addrtype>
<address>1560 30th Street</address>
<city>Boulder</city>
<state>CO</state>
<postal>80309-0450</postal>
<country>USA</country>
</cntaddr>
<cntvoice>303-735-1300</cntvoice>
<cntfax>303-492-6388</cntfax>
<cntemail>william.manley@colorado.edu</cntemail>
</cntinfo>
</ptcontac>
<datacred>U.S. Geological Survey (USGS), Denver Regional Council of Governments (DRCOG), Bohannan Huston Inc. (BHI), Boulder Creek Critical Zone Observatory (CZO), the University of Colorado, Institute of Arctic and Alpine Research (INSTAAR) and Niwot Ridge Long-Term Ecological Research (LTER) project.</datacred>
<native>Microsoft Windows XP Pro 2002 Service Pack 3; ESRI ArcGIS Desktop 9.3; NPS Metadata Tools version 1.1</native>
</idinfo>
<dataqual>
<attracc>
<attraccr>Quality checks were performed throughout all processing procedures.</attraccr>
</attracc>
<logic>Visual examination and quantitative error assessment were conducted to ensure quality control.</logic>
<complete>One shapefile was created for the Niwot project extent area. The shapefile covers Niwot Ridge and the Green Lakes Valley extending north to Brainard Lake, south to Silver Lake, east to the Peak to Peak Highway and just west of the Continental Divide.</complete>
<posacc>
<horizpa>
<horizpar>Not applicable</horizpar>
<qhorizpa>
<horizpav>0 meters</horizpav>
<horizpae>Not applicable.</horizpae>
</qhorizpa>
</horizpa>
</posacc>
<lineage>
<procstep>
<procdesc>The Niwot (NWT) project extent area polygon was digitized in ArcMap at the beginning of the project. This box was used to &quot;clip&quot; all data layers in the dataset. FGDC-compliant metadata was then finalized.</procdesc>
<procdate>20090602</procdate>
<proccont>
<cntinfo>
<cntorgp>
<cntorg>University of Colorado, Institute of Arctic Research and Alpine Research (INSTAAR)</cntorg>
<cntper>William Manley, PhD</cntper>
</cntorgp>
<cntpos>Research Scientist</cntpos>
<cntaddr>
<addrtype>mailing address</addrtype>
<address>450 UCB</address>
<city>Boulder</city>
<state>CO</state>
<postal>80309-0450</postal>
<country>USA</country>
</cntaddr>
<cntvoice>303-735-1300</cntvoice>
<cntfax>303-492-6388</cntfax>
<cntemail>william.manley@colorado.edu</cntemail>
</cntinfo>
</proccont>
</procstep>
</lineage>
</dataqual>
<spdoinfo>
<direct Sync="TRUE">Vector</direct>
<ptvctinf>
<sdtsterm Name="nwt_ortho_1990_1988_source">
<sdtstype Sync="TRUE">G-polygon</sdtstype>
<ptvctcnt Sync="TRUE">1</ptvctcnt>
</sdtsterm>
</ptvctinf>
</spdoinfo>
<spref>
<horizsys>
<planar>
<gridsys>
<gridsysn Sync="TRUE">Universal Transverse Mercator</gridsysn>
<utm>
<utmzone Sync="TRUE">13</utmzone>
<transmer>
<sfctrmer Sync="TRUE">0.999600</sfctrmer>
<longcm Sync="TRUE">-105.000000</longcm>
<latprjo Sync="TRUE">0.000000</latprjo>
<feast Sync="TRUE">500000.000000</feast>
<fnorth Sync="TRUE">0.000000</fnorth>
</transmer>
</utm>
</gridsys>
<planci>
<plance Sync="TRUE">coordinate pair</plance>
<coordrep>
<absres Sync="TRUE">0.600000</absres>
<ordres Sync="TRUE">0.600000</ordres>
</coordrep>
<plandu Sync="TRUE">meters</plandu>
</planci>
</planar>
<geodetic>
<horizdn Sync="TRUE">North American Datum of 1983</horizdn>
<ellips Sync="TRUE">Geodetic Reference System 80</ellips>
<semiaxis Sync="TRUE">6378137.000000</semiaxis>
<denflat Sync="TRUE">298.257222</denflat>
</geodetic>
</horizsys>
</spref>
<eainfo>
<detailed Name="nwt_ortho_1990_1988_source">
<enttyp>
<enttypl Sync="TRUE">nwt_project_extent</enttypl>
<enttypd>Accessory information for orthophoto frames</enttypd>
<enttypds>University of Colorado</enttypds>
</enttyp>
<attr>
<attrlabl Sync="TRUE">FID</attrlabl>
<attrdef Sync="TRUE">Internal feature number.</attrdef>
<attrdefs Sync="TRUE">ESRI</attrdefs>
<attrdomv>
<udom Sync="TRUE">Sequential unique whole numbers that are automatically generated.</udom>
</attrdomv>
</attr>
<attr>
<attrlabl Sync="TRUE">Shape</attrlabl>
<attrdef Sync="TRUE">Feature geometry.</attrdef>
<attrdefs Sync="TRUE">ESRI</attrdefs>
<attrdomv>
<udom Sync="TRUE">Coordinates defining the features.</udom>
</attrdomv>
</attr>
<attr>
<attrlabl Sync="TRUE">Id</attrlabl>
<attrdef Sync="TRUE">Internal feature number.</attrdef>
<attrdefs Sync="TRUE">ESRI</attrdefs>
<attrdomv>
<udom Sync="TRUE">Whole numbers generated by user.</udom>
</attrdomv>
</attr>
</detailed>
</eainfo>
<distinfo>
<distrib>
<cntinfo>
<cntorgp>
<cntorg>University of Colorado, Institute of Arctic and Alpine Research (INSTAAR) Niwot Ridge LTER</cntorg>
<cntper>Niwot Ridge LTER Data Manager</cntper>
</cntorgp>
<cntaddr>
<addrtype>mailing and physical address</addrtype>
<address>1560 30th Street</address>
<city>Boulder</city>
<state>CO</state>
<postal>80309-0450</postal>
<country>USA</country>
</cntaddr>
<cntvoice>303-492-4771</cntvoice>
<cntfax>303-492-6388</cntfax>
<cntemail>lternwt@colorado.edu</cntemail>
</cntinfo>
</distrib>
<resdesc>Refer to Title of dataset</resdesc>
<distliab>The Institute of Arctic and Alpine Research (INSTAAR), Boulder Creek Critical Zone Observatory (CZO), Niwot Ridge Long Term Ecological Research (LTER) nor Bohannan-Huston, Inc. (BHI) shall not be held liable for improper or incorrect use of the data described and/or contained herein. These data and related graphics (i.e. GIF or JPG format files) are not legal documents and are not intended to be used as such. The information contained in these data is dynamic and may change over time. The data are not better than the original sources from which they were derived. It is the responsibility of the data user to use the data appropriately and consistent within the limitations of geospatial data in general and these data in particular. The related graphics are intended to aid the data user in acquiring relevant data; it is not appropriate to use the related graphics as data. INSTAAR, CZO, Niwot LTER nor BHI gives no warranty, expressed or implied, as to the accuracy, reliability, or completeness of these data. It is strongly recommended that these data are directly acquired from the Niwot LTER server and not indirectly through other sources which may have changed the data in some way. Although these data have been processed successfully on computer systems at INSTAAR, no warranty expressed or implied is made regarding the utility of the data on other systems for general or scientific purposes, nor shall the act of distribution constitute any such warranty. This disclaimer applies both to individual use of the data and aggregate use with other data.</distliab>
<stdorder>
<digform>
<digtinfo>
<formname>shapefile</formname>
<formvern>1</formvern>
<formspec>Hard Drive</formspec>
<formcont>Source Index Map Layer for Orthorectified Aerial Photograph Mosaic</formcont>
<filedec>no compression applied</filedec>
</digtinfo>
<digtopt>
<onlinopt>
<computer>
<networka>
<networkr>http://culter.colorado.edu/NWT/</networkr>
</networka>
</computer>
</onlinopt>
<offoptn>
<offmedia>Hard Drive</offmedia>
<recfmt>Standard</recfmt>
</offoptn>
</digtopt>
</digform>
<fees>As necessary for hard disk and duplication</fees>
<ordering>Contact the Distributor to request the data.</ordering>
</stdorder>
<availabl>
<timeinfo>
<sngdate>
<caldate>20090615</caldate>
</sngdate>
</timeinfo>
</availabl>
</distinfo>
<metainfo>
<metd>20090603</metd>
<metc>
<cntinfo>
<cntperp>
<cntper>Niwot Ridge LTER Data Manager</cntper>
<cntorg>University of Colorado, Institute of Arctic and Alpine Research (INSTAAR), Niwot Ridge LTER</cntorg>
</cntperp>
<cntaddr>
<addrtype>mailing and physical address</addrtype>
<address>1560 30th Street</address>
<city>Boulder</city>
<state>CO</state>
<postal>80309-0450</postal>
<country>USA</country>
</cntaddr>
<cntvoice>303-492-4771</cntvoice>
<cntfax>303-492-6388</cntfax>
<cntemail>lternwt@colorado.edu</cntemail>
</cntinfo>
</metc>
<metstdn>FGDC Content Standards for Digital Geospatial Metadata</metstdn>
<metstdv>FGDC-STD-001-1998</metstdv>
<mettc>local time</mettc>
<metextns>
<onlink>http://nrdata.nps.gov/profiles/NPS_Profile.xml</onlink>
<metprof>NPS NR and GIS Metadata Profile</metprof>
</metextns>
</metainfo>
</metadata>
